34,Male,02-12-2024 19:47
27,Male,02-12-2024 19:47
49,Female,02-12-2024 19:47
42,Female,02-12-2024 19:47
7,Female,02-12-2024 19:47
17,Female,02-12-2024 19:47
56,Female,02-12-2024 19:47
33,Male,02-12-2024 19:47
29,Female,02-12-2024 19:47
31,Male,03-12-2024 11:50
21,Male,03-12-2024 11:50
21,Male,03-12-2024 11:50
20,Male,03-12-2024 11:50
45,Female,03-12-2024 11:50
81,Female,03-12-2024 11:50
42,Female,03-12-2024 11:50
49,Female,03-12-2024 11:50
62,Female,03-12-2024 11:50
46,Male,03-12-2024 11:50
61,Female,03-12-2024 11:50
40,Male,03-12-2024 11:50
42,Female,03-12-2024 11:50
49,Female,03-12-2024 11:50
46,Male,03-12-2024 11:50
46,Male,21-08-2024 18:05
62,Female,04-12-2024 18:05
2,Male,04-12-2024 18:05
4,Male,04-12-2024 18:05
39,Female,04-12-2024 18:05
5,Female,04-12-2024 18:05
2,Male,04-12-2024 18:05
43,Female,04-12-2024 18:05
61,Male,04-12-2024 18:05
34,Male,04-12-2024 18:05
18,Female,04-12-2024 18:05
74,Male,04-12-2024 18:05
93,Male,04-12-2024 18:05
38,Male,04-12-2024 18:05
18,Female,04-12-2024 18:05
27,Male,04-12-2024 18:05
38,Male,04-12-2024 18:05
28,Female,04-12-2024 18:05
33,Female,04-12-2024 18:05
38,Male,04-12-2024 18:05
9,Female,04-12-2024 18:05
17,Female,04-12-2024 18:05
23,Male,04-12-2024 18:05
27,Male,04-12-2024 18:05
39,Female,04-12-2024 18:05
25,Female,04-12-2024 18:05
42,Male,04-12-2024 18:05
29,Female,04-12-2024 18:05
20,Female,04-12-2024 18:05
25,Male,04-12-2024 18:05
22,Male,04-12-2024 18:05
15,Male,04-12-2024 18:05
99,Male,04-12-2024 18:05
29,Male,04-12-2024 18:05
14,Female,04-12-2024 18:05
64,Female,04-12-2024 18:05
37,Female,04-12-2024 18:05
41,Female,04-12-2024 18:05
51,Female,04-12-2024 18:05
91,Female,04-12-2024 18:05
16,Male,04-12-2024 18:05
3,Female,04-12-2024 18:05
32,Male,04-12-2024 18:05
17,Male,04-12-2024 18:05
3,Male,04-12-2024 18:05
55,Female,04-12-2024 18:05
3,Male,04-12-2024 18:05
26,Female,04-12-2024 18:05
28,Female,04-12-2024 18:05
29,Male,04-12-2024 18:05
6,Female,04-12-2024 18:05
94,Female,04-12-2024 18:05
26,Male,04-12-2024 18:05
63,Female,04-12-2024 18:05
36,Male,04-12-2024 18:05
52,Female,04-12-2024 18:05
49,Female,04-12-2024 18:05
64,Female,04-12-2024 18:05
37,Female,04-12-2024 18:05
41,Female,04-12-2024 18:05
51,Female,04-12-2024 18:05
21,Male,04-12-2024 18:05
7,Female,04-12-2024 18:05
5,Female,04-12-2024 18:05
37,Female,04-12-2024 18:05
30,Male,04-12-2024 18:05
29,Female,04-12-2024 18:05
25,Male,04-12-2024 18:05
79,Female,04-12-2024 18:05
79,Female,04-12-2024 18:05
4,Female,04-12-2024 18:05
21,Female,04-12-2024 18:05
32,Female,04-12-2024 18:05
24,Male,04-12-2024 18:05
29,Female,04-12-2024 18:05
31,Female,04-12-2024 18:05
82,Male,04-12-2024 18:05
9,Female,04-12-2024 18:05
33,Female,04-12-2024 18:05
79,Female,04-12-2024 18:05
10,Female,04-12-2024 18:05
12,Female,04-12-2024 18:05
